{"editorObjects":[{"pos":{"x":5.087416172027588,"y":0.75,"z":0.43499043583869936},"rot":{"x":0.0,"y":0.0,"z":0.0,"w":1.0},"objectType":1},{"pos":{"x":3.8673207759857179,"y":0.75,"z":-2.695984125137329},"rot":{"x":0.0,"y":0.0,"z":0.0,"w":1.0},"objectType":1},{"pos":{"x":6.307511806488037,"y":0.75,"z":-1.309751033782959},"rot":{"x":0.0,"y":0.0,"z":0.0,"w":1.0},"objectType":1}]}