{"editorObjects":[{"pos":{"x":4.632870674133301,"y":0.75,"z":-1.405353307723999},"rot":{"x":0.0,"y":0.0,"z":0.0,"w":1.0},"objectType":0}]}